1000001,NATHAN,TYLER,1817214256,7838121642,TYLER.NATHAN_89,TYLER.NATHAN_89pAssWd,TYLER.NATHAN_89@gmail.com
1000002,EVIE,MEGAN,1247968929,9595302953,MEGAN.EVIE_111,MEGAN.EVIE_111pAssWd,MEGAN.EVIE_111@gmail.com
1000003,ETHAN,TOBY,2984279670,8161829592,TOBY.ETHAN_106,TOBY.ETHAN_106pAssWd,TOBY.ETHAN_106@gmail.com
1000004,JACK,ARTHUR,4131264168,3857925212,ARTHUR.JACK_151,ARTHUR.JACK_151pAssWd,ARTHUR.JACK_151@gmail.com
1000005,FRANCESCA,ELEANOR,1721475405,2107224065,ELEANOR.FRANCESCA_87,ELEANOR.FRANCESCA_87pAssWd,ELEANOR.FRANCESCA_87@gmail.com
1000006,MASON,JASMINE,4992068103,1204116436,JASMINE.MASON_53,JASMINE.MASON_53pAssWd,JASMINE.MASON_53@gmail.com
1000007,RONNIE,ROBERT,7161149067,6526845155,ROBERT.RONNIE_78,ROBERT.RONNIE_78pAssWd,ROBERT.RONNIE_78@gmail.com
1000008,JOEY,LILLY,6829813787,2695157685,LILLY.JOEY_68,LILLY.JOEY_68pAssWd,LILLY.JOEY_68@gmail.com
1000009,OLLIE,ELIZABETH,4945153241,7945605480,ELIZABETH.OLLIE_83,ELIZABETH.OLLIE_83pAssWd,ELIZABETH.OLLIE_83@gmail.com
1000010,JACOB,LOUIE,7302922829,5617653195,LOUIE.JACOB_138,LOUIE.JACOB_138pAssWd,LOUIE.JACOB_138@gmail.com
1000011,SOPHIA,HARRIET,7873110488,8380070528,HARRIET.SOPHIA_129,HARRIET.SOPHIA_129pAssWd,HARRIET.SOPHIA_129@gmail.com
1000012,LOLA,JACKSON,1232954341,9289488046,JACKSON.LOLA_52,JACKSON.LOLA_52pAssWd,JACKSON.LOLA_52@gmail.com
1000013,GEORGIA,FELIX,2336840837,8978036178,FELIX.GEORGIA_160,FELIX.GEORGIA_160pAssWd,FELIX.GEORGIA_160@gmail.com
1000014,HUGO,RORY,5464618995,6259020180,RORY.HUGO_145,RORY.HUGO_145pAssWd,RORY.HUGO_145@gmail.com
1000015,LEAH,MIA,6347447610,9226723634,MIA.LEAH_16,MIA.LEAH_16pAssWd,MIA.LEAH_16@gmail.com
1000016,AISHA,ERIN,8014775712,7622628296,ERIN.AISHA_102,ERIN.AISHA_102pAssWd,ERIN.AISHA_102@gmail.com
1000017,ALBERT,WILLIAM,6619753322,2521401318,WILLIAM.ALBERT_132,WILLIAM.ALBERT_132pAssWd,WILLIAM.ALBERT_132@gmail.com
1000018,CALLUM,ANNABELLE,6446931380,5873829166,ANNABELLE.CALLUM_13,ANNABELLE.CALLUM_13pAssWd,ANNABELLE.CALLUM_13@gmail.com
1000019,AMY,FRANCESCA,3546257685,5880608110,FRANCESCA.AMY_172,FRANCESCA.AMY_172pAssWd,FRANCESCA.AMY_172@gmail.com
1000020,BEATRICE,FREYA,7912779001,2299122455,FREYA.BEATRICE_94,FREYA.BEATRICE_94pAssWd,FREYA.BEATRICE_94@gmail.com
1000021,AMBER,GRACIE,8666950358,6912698004,GRACIE.AMBER_64,GRACIE.AMBER_64pAssWd,GRACIE.AMBER_64@gmail.com
1000022,ELSIE,MOHAMMED,1417026442,5661226946,MOHAMMED.ELSIE_144,MOHAMMED.ELSIE_144pAssWd,MOHAMMED.ELSIE_144@gmail.com
1000023,SEBASTIAN,DARCY,1298782396,4168401030,DARCY.SEBASTIAN_109,DARCY.SEBASTIAN_109pAssWd,DARCY.SEBASTIAN_109@gmail.com
1000024,SONNY,ALICE,8870355454,4146537009,ALICE.SONNY_51,ALICE.SONNY_51pAssWd,ALICE.SONNY_51@gmail.com
1000025,ALICE,BEATRICE,2266150575,5988983939,BEATRICE.ALICE_169,BEATRICE.ALICE_169pAssWd,BEATRICE.ALICE_169@gmail.com
1000026,KAI,CHARLES,8049516102,7464413178,CHARLES.KAI_156,CHARLES.KAI_156pAssWd,CHARLES.KAI_156@gmail.com
1000027,MATTHEW,MOLLIE,8281954184,3170266923,MOLLIE.MATTHEW_117,MOLLIE.MATTHEW_117pAssWd,MOLLIE.MATTHEW_117@gmail.com
1000028,IVY,HENRY,1150234426,5927165019,HENRY.IVY_67,HENRY.IVY_67pAssWd,HENRY.IVY_67@gmail.com
1000029,LEO,ALICE,7302314923,6883476376,ALICE.LEO_9,ALICE.LEO_9pAssWd,ALICE.LEO_9@gmail.com
1000030,ANNABELLE,EMMA,5516240633,7666429930,EMMA.ANNABELLE_9,EMMA.ANNABELLE_9pAssWd,EMMA.ANNABELLE_9@gmail.com
1000031,MATTHEW,LUCY,5153606081,8405163335,LUCY.MATTHEW_7,LUCY.MATTHEW_7pAssWd,LUCY.MATTHEW_7@gmail.com
1000032,ELSIE,VICTORIA,5485167858,5228892344,VICTORIA.ELSIE_113,VICTORIA.ELSIE_113pAssWd,VICTORIA.ELSIE_113@gmail.com
1000033,EMMA,DARCY,5731111110,4081887658,DARCY.EMMA_171,DARCY.EMMA_171pAssWd,DARCY.EMMA_171@gmail.com
1000034,DEXTER,VICTORIA,6941750803,3920564528,VICTORIA.DEXTER_68,VICTORIA.DEXTER_68pAssWd,VICTORIA.DEXTER_68@gmail.com
1000035,NANCY,THOMAS,4707466300,2705504240,THOMAS.NANCY_36,THOMAS.NANCY_36pAssWd,THOMAS.NANCY_36@gmail.com
1000036,MILLIE,GABRIEL,3567045600,6668498887,GABRIEL.MILLIE_132,GABRIEL.MILLIE_132pAssWd,GABRIEL.MILLIE_132@gmail.com
1000037,DAVID,DAISY,5799841807,5656168463,DAISY.DAVID_165,DAISY.DAVID_165pAssWd,DAISY.DAVID_165@gmail.com
1000038,OLLIE,ARCHIE,2079700431,2387081512,ARCHIE.OLLIE_38,ARCHIE.OLLIE_38pAssWd,ARCHIE.OLLIE_38@gmail.com
1000039,BELLA,HOLLY,8304121062,8028208576,HOLLY.BELLA_105,HOLLY.BELLA_105pAssWd,HOLLY.BELLA_105@gmail.com
1000040,IBRAHIM,JACOB,6298976072,7451471586,JACOB.IBRAHIM_137,JACOB.IBRAHIM_137pAssWd,JACOB.IBRAHIM_137@gmail.com
1000041,ELLIE,ELLIOT,4873142554,2429644258,ELLIOT.ELLIE_59,ELLIOT.ELLIE_59pAssWd,ELLIOT.ELLIE_59@gmail.com
1000042,SARAH,WILLOW,2424489551,3306401177,WILLOW.SARAH_193,WILLOW.SARAH_193pAssWd,WILLOW.SARAH_193@gmail.com
1000043,LILY,LOUIE,5951545453,6906177551,LOUIE.LILY_158,LOUIE.LILY_158pAssWd,LOUIE.LILY_158@gmail.com
1000044,RORY,OLLIE,6978815521,6629013844,OLLIE.RORY_182,OLLIE.RORY_182pAssWd,OLLIE.RORY_182@gmail.com
1000045,KAI,LUCY,6554328125,4805090164,LUCY.KAI_134,LUCY.KAI_134pAssWd,LUCY.KAI_134@gmail.com
1000046,JOSHUA,SCARLETT,6339174672,1674413905,SCARLETT.JOSHUA_190,SCARLETT.JOSHUA_190pAssWd,SCARLETT.JOSHUA_190@gmail.com
1000047,MARYAM,FINLAY,4875449231,4177366405,FINLAY.MARYAM_112,FINLAY.MARYAM_112pAssWd,FINLAY.MARYAM_112@gmail.com
1000048,NOAH,BLAKE,7125522007,3084987228,BLAKE.NOAH_161,BLAKE.NOAH_161pAssWd,BLAKE.NOAH_161@gmail.com
1000049,DAISY,JENSON,5098432582,8213895686,JENSON.DAISY_58,JENSON.DAISY_58pAssWd,JENSON.DAISY_58@gmail.com
1000050,MICHAEL,OLIVER,5686979580,9813436719,OLIVER.MICHAEL_25,OLIVER.MICHAEL_25pAssWd,OLIVER.MICHAEL_25@gmail.com
1000051,ZACHARY,CALLUM,8061091593,2949154343,CALLUM.ZACHARY_149,CALLUM.ZACHARY_149pAssWd,CALLUM.ZACHARY_149@gmail.com
1000052,SOPHIA,VIOLET,8519421937,4052910763,VIOLET.SOPHIA_164,VIOLET.SOPHIA_164pAssWd,VIOLET.SOPHIA_164@gmail.com
1000053,SARAH,ELIZABETH,5637447433,5967101920,ELIZABETH.SARAH_153,ELIZABETH.SARAH_153pAssWd,ELIZABETH.SARAH_153@gmail.com
1000054,LILY,DAISY,6440869622,9639509317,DAISY.LILY_43,DAISY.LILY_43pAssWd,DAISY.LILY_43@gmail.com
1000055,ADAM,RUBY,1121869542,7216823604,RUBY.ADAM_57,RUBY.ADAM_57pAssWd,RUBY.ADAM_57@gmail.com
1000056,DANIEL,FRANKIE,5136168844,3731567062,FRANKIE.DANIEL_5,FRANKIE.DANIEL_5pAssWd,FRANKIE.DANIEL_5@gmail.com
1000057,ANNA,KIAN,3469431290,4184315368,KIAN.ANNA_184,KIAN.ANNA_184pAssWd,KIAN.ANNA_184@gmail.com